{
  "attributes": {
    "color_start": "#FFE899C2",
    "color_end": "#FFE899C2",

    "x": 0,
    "y": 0,

    "speedX": 0.0,
    "speedY": -16,

    "accelerationX": 0.0,
    "accelerationY": 0.0,

    "frictionX": 0.99,
    "frictionY": 1,

    "duration": 20
  },
  "attributes_variance": {
    "x": 8,
    "y": 2,

    "speedX": 16,
    "speedY": 2,

    "duration": 4
  },

  "events": {
    "onIdle": {
      "particles": [
        { "id": "item_interactions:gui/falling_leaf_light" }
      ],

      "interval": 20,
      "interval_variance": 5
    },

    "onPut": {
      "particles": [
        {
          "id": "item_interactions:gui/falling_leaf_light",
          "x": 2,
          "y": 2,
          "speedX": 5,
          "speedY": 5,
          "duration": 40
        },
        {
          "id": "item_interactions:gui/falling_leaf_light",
          "x": -2,
          "y": 2,
          "speedX": -5,
          "speedY": 5,
          "duration": 40
        },
        {
          "id": "item_interactions:gui/falling_leaf_light",
          "x": 2,
          "y": -2,
          "speedX": 5,
          "speedY": -5,
          "duration": 40
        },
        {
          "id": "item_interactions:gui/falling_leaf_light",
          "x": -2,
          "y": -2,
          "speedX": -5,
          "speedY": -5,
          "duration": 40
        }
      ]
    },

    "onCarried": "onIdle",
    "onPickup": "onPut",


    "onShake": { "use": "onPut", "interval": 2 }
  },

  "applies": [{ "id": "cherry_leaves" }]
}
