{
  "parent": "item_interactions:water_bucket",
  "events": {
    "onIdle": {
      "interval": 100,
      "interval_variance": 20,
      "attributes": {
        "count": 3
      },
      "particles": [
        {
          "id":  "falling_water",
          "x": -2,
          "speedX": -5
        },

        {
          "id": "falling_water",
          "x": 2,
          "speedX": 5
        }
      ]
    },

    "onCarried": {
      "use": "onIdle",
      "interval": 40
    }
  },
  "applies": [
    {"id":  "cod_bucket"},
    {"id":  "salmon_bucket"},
    {"id":  "tropical_fish_bucket"},
    {"id":  "pufferfish_bucket"},
    {"id":  "axolotl_bucket"},
    {"id":  "tadpole_bucket"}
  ]
}