{
        "minecraft:badlands":0,
        "minecraft:bamboo_jungle":1,
        "minecraft:basalt_deltas":2,
        "minecraft:beach":3,
        "minecraft:birch_forest":4,
        "minecraft:cherry_grove":5,
        "minecraft:cold_ocean":6,
        "minecraft:crimson_forest":7,
        "minecraft:dark_forest":8,
        "minecraft:deep_cold_ocean":9,
        "minecraft:deep_dark":10,
        "minecraft:deep_frozen_ocean":11,
        "minecraft:deep_lukewarm_ocean":12,
        "minecraft:deep_ocean":13,
        "minecraft:desert":14,
        "minecraft:dripstone_caves":15,
        "minecraft:end_barrens":16,
        "minecraft:end_highlands":17,
        "minecraft:end_midlands":18,
        "minecraft:eroded_badlands":19,
        "minecraft:flower_forest":20,
        "minecraft:forest":21,
        "minecraft:frozen_ocean":22,
        "minecraft:frozen_peaks":23,
        "minecraft:frozen_river":24,
        "minecraft:grove":25,
        "minecraft:ice_spikes":26,
        "minecraft:jagged_peaks":27,
        "minecraft:jungle":28,
        "minecraft:lukewarm_ocean":29,
        "minecraft:lush_caves":30,
        "minecraft:mangrove_swamp":31,
        "minecraft:meadow":32,
        "minecraft:mushroom_fields":33,
        "minecraft:nether_wastes":34,
        "minecraft:ocean":35,
        "minecraft:old_growth_birch_forest":36,
        "minecraft:old_growth_pine_taiga":37,
        "minecraft:old_growth_spruce_taiga":38,
        "minecraft:plains":39,
        "minecraft:river":40,
        "minecraft:savanna":41,
        "minecraft:savanna_plateau":42,
        "minecraft:small_end_islands":43,
        "minecraft:snowy_beach":44,
        "minecraft:snowy_plains":45,
        "minecraft:snowy_slopes":46,
        "minecraft:snowy_taiga":47,
        "minecraft:soul_sand_valley":48,
        "minecraft:sparse_jungle":49,
        "minecraft:stony_peaks":50,
        "minecraft:stony_shore":51,
        "minecraft:sunflower_plains":52,
        "minecraft:swamp":53,
        "minecraft:taiga":54,
        "minecraft:the_end":55,
        "minecraft:the_void":56,
        "minecraft:warm_ocean":57,
        "minecraft:warped_forest":58,
        "minecraft:windswept_forest":59,
        "minecraft:windswept_gravelly_hills":60,
        "minecraft:windswept_hills":61,
        "minecraft:windswept_savanna":62,
        "minecraft:wooded_badlands":63,
        "texture_size":256
    }

